GameId,Unnamed: 0,Players,Result,Accuracy,Moves,Date,Unnamed: 6
f4ab7b3e01c19cb078826e10875ecfae59a20baa,1 min,dyako7  (1689)  rainebrookshire  (1729),1  0,Review,39,"May 30, 2023",
4c461d896f3da3233fce3dda4ad253158491d2ee,1 min,rainebrookshire  (1738)  2fated  (1697),1  0,Review,35,"May 29, 2023",
2dfd91f90edb6c84a52adb25877096e51fb88f58,1 min,WFM  teacher4chess  (1787)  rainebrookshire  (1731),1  0,Review,39,"May 26, 2023",
4f89fcbec807ba4b20ccc3cf34eb488f3387fa2f,1 min,Markant076  (1721)  rainebrookshire  (1738),1  0,Review,44,"May 26, 2023",
1ee4c15eda93ef69a3b2888b7af1f1e9312a7c07,1 min,Fahrfirdausgantng  (1824)  rainebrookshire  (1747),½  ½,Review,47,"May 25, 2023",
99eb1e53599dadd9ee7421fee8761826c259c7bd,1 min,rainebrookshire  (1745)  Pineugen19801  (1717),1  0,Review,39,"May 25, 2023",
4d22821d05d0e51c01132a16b46a9de209ce3cb2,1 min,sasagrobar72  (1755)  rainebrookshire  (1737),0  1,Review,41,"May 25, 2023",
3eaa876a9156a9dcfc4d39bf80d4bc9cec3a9fcd,1 min,rainebrookshire  (1728)  Mac_7592  (1710),1  0,Review,21,"May 25, 2023",
f123a32e3a1a80a6e3bbed39af13ee359d43362e,1 min,Skifus-s  (1770)  rainebrookshire  (1720),1  0,Review,23,"May 25, 2023",
0afef9df57b0a98256df8879fa561913d5b60919,1 min,rainebrookshire  (1727)  YahiaAlmozogi  (1742),1  0,Review,36,"May 25, 2023",
97ed4410524a954843799aa438d104709fc7c070,1 min,rainebrookshire  (1718)  stillwater_25  (1760),0  1,Review,17,"May 25, 2023",
03a391e2e41ae96a61bcc6ceceff1ef0a63446ef,1 min,rainebrookshire  (1725)  mfc08Nico  (1801),0  1,Review,53,"May 25, 2023",
18b03af9c341377441de82d5ab8509b792004c2f,1 min,wafflechip  (1687)  rainebrookshire  (1732),0  1,41.5  74.5,15,"May 24, 2023",
5001914fca784fc4afb96af457845cbb9ad72c5b,1 min,lightupmask  (1706)  rainebrookshire  (1725),0  1,Review,28,"May 24, 2023",
eda2babf7897a5b3a22c23f06d473ea4c6054264,1 min,rainebrookshire  (1717)  RushGM1  (1720),0  1,Review,33,"May 24, 2023",
1c89bb184928ccd4e55fd2c4d95f4c9a995e8bf5,1 min,DerekGM  (1673)  rainebrookshire  (1725),0  1,Review,8,"May 24, 2023",
890b265299634e9d2616f0d89543cc745cf59b01,5 min,19alexey59  (1601)  rainebrookshire  (1628),1  0,Review,40,"May 22, 2023",
0711943bf8bd9cecf6b0e29f47427137d6a40b99,1 min,Lukkulukku  (1719)  rainebrookshire  (1718),½  ½,Review,54,"May 20, 2023",
032769fadce9e2f10b4ddb48c255bda909cc5c5f,1 min,rainebrookshire  (1718)  Elmar_AZE  (1776),0  1,Review,34,"May 20, 2023",
63706d12cb77b218dfca318f688d5fd93d27394a,1 min,rainebrookshire  (1725)  d_hosh  (1602),0  1,Review,28,"May 18, 2023",
80c2032fece16ebfafb091ef490abf3ecca7f82b,1 min,mygalperin  (1760)  rainebrookshire  (1736),½  ½,Review,66,"May 18, 2023",
1b0addde00a04e53ee41e876b5eda595d3b3ece3,1 min,ilu5ionist  (1764)  rainebrookshire  (1735),1  0,Review,39,"May 18, 2023",
4822c4070d2f3e65cfa767632872062fa6dd1aa5,1 min,rainebrookshire  (1743)  ilu5ionist  (1756),0  1,Review,40,"May 18, 2023",
56a9184dcbb5909c8b560c89be2ff68fa6f47cf7,1 min,rainebrookshire  (1751)  Andrerei  (1769),0  1,Review,34,"May 17, 2023",
545f6e32c2f514b29d8f8874453e7495872ff73a,1 min,rainebrookshire  (1759)  Hazard468  (1698),1  0,Review,73,"May 17, 2023",
c410ddaa5ad89718431425aa5b163d159700d240,1 min,Travllen  (1787)  rainebrookshire  (1752),1  0,Review,34,"May 17, 2023",
b71cacc10bc986f42809662312517364335be2aa,1 min,blligdashakh12  (1804)  rainebrookshire  (1760),1  0,Review,32,"May 17, 2023",
cd209bcb7f4b6bd0c22a1a3aabe11b931e0b4d45,1 min,rainebrookshire  (1767)  chivaprieta  (1833),0  1,Review,26,"May 17, 2023",
e92d4452bf6565cf5e57587992f97085f5b96bb6,1 min,rainebrookshire  (1774)  josito2121  (1798),0  1,Review,45,"May 16, 2023",
60b30665af80aa7e60d951d138dfdfd51948ff1c,1 min,giri267  (1783)  rainebrookshire  (1782),1  0,Review,29,"May 16, 2023",
e7356616e2226a1416bd38b9d61680dff3f46b14,1 min,one_min_mania  (1821)  rainebrookshire  (1790),1  0,Review,29,"May 16, 2023",
1adf1406ebfd2c44128f882998661c4cc82d2d88,1 min,s-mkrtchyan  (1802)  rainebrookshire  (1798),0  1,Review,47,"May 16, 2023",
e6737634297bb0f2aa4ac65a08f9e4426b3cca8f,1 min,rainebrookshire  (1789)  Edmon_A  (1801),0  1,Review,46,"May 16, 2023",
f23fb0e40819001147273a244e7d75afa101be67,1 min,rainebrookshire  (1797)  jimmylama88  (1764),1  0,Review,23,"May 16, 2023",
e2c467793091b9ec13fc8f186d63b8785d109ef9,1 min,LuanRupert  (1758)  rainebrookshire  (1789),0  1,Review,31,"May 16, 2023",
ab25c143bd44b8f497c28803d86d5cf95e659c08,1 min,jackluzz  (1763)  rainebrookshire  (1781),0  1,Review,22,"May 16, 2023",
5a9e410e39acd53f9058bb3b8809f89abd46aca5,1 min,rainebrookshire  (1773)  shemi123  (1844),0  1,Review,27,"May 16, 2023",
97e90bfc64db2561b02db959f4ab360840d577b1,1 min,LordAsrial  (1837)  rainebrookshire  (1780),1  0,Review,33,"May 16, 2023",
86872e6492f93f053f187676a82969b073697380,1 min,rainebrookshire  (1787)  adrian_lopero  (1710),1  0,Review,46,"May 16, 2023",
db2f83e8ddeeb4db66deaa14a450f722b3ba3cd6,1 min,rainebrookshire  (1772)  WhyAreFlowersBlue  (1710),1  0,Review,33,"May 15, 2023",
948a06847def67a62f28dc5aa1e98094d3b8bc96,1 min,rainebrookshire  (1765)  nobullnoble  (1744),1  0,Review,40,"May 15, 2023",
b1a2ac3e719bb240eb2aa3c2929828fdeaac719a,1 min,xoSanchezxo  (1707)  rainebrookshire  (1757),1  0,Review,44,"May 15, 2023",
cb106658d003c35c7177d45d95f7420c3abb4eb8,1 min,dongnghi  (1892)  rainebrookshire  (1767),1  0,Review,58,"May 14, 2023",
29bbce1dd16ef1221e76f1f2bc65b0876f73b777,1 min,rainebrookshire  (1772)  fesfiore  (1856),1  0,Review,46,"May 14, 2023",
f123f8056057485d23e0d2b9e06d514cd80175aa,1 min,rainebrookshire  (1762)  ironmich2025  (1804),½  ½,Review,57,"May 14, 2023",
5ee309bf4d1e55bbf48b49c6d3ed3070dcd8536d,1 min,Kirby694  (1748)  rainebrookshire  (1761),1  0,Review,28,"May 14, 2023",
caa8a6833131866603013a6c4becbb1eb93e539f,1 min,kingforpawntrader  (1755)  rainebrookshire  (1770),1  0,Review,24,"May 14, 2023",
49fd35e524f9f064287b231722b3a9d4db574fea,1 min,Car3001  (1761)  rainebrookshire  (1779),1  0,Review,29,"May 14, 2023",
b385237b05cb757210ebfafc17153d25fb517c30,1 min,rainebrookshire  (1788)  duvid1  (1850),0  1,70.3  80.1,30,"May 14, 2023",
5532fe3dd4798ca179841a825b44f6c87b6b5b60,1 min,KDK9105  (1798)  rainebrookshire  (1795),1  0,Review,44,"May 14, 2023",
48c9694d5cdd4e0b9789f8441bf0fdd853eca590,1 min,rainebrookshire  (1803)  KDK9105  (1790),1  0,Review,31,"May 14, 2023",
5532fe3dd4798ca179841a825b44f6c87b6b5b60,1 min,KDK9105  (1798)  rainebrookshire  (1795),0  1,Review,40,"May 14, 2023",
76b904900a8777a96b8f6f78dd999072eb11730c,1 min,rainebrookshire  (1787)  Magothchess  (1777),0  1,Review,37,"May 14, 2023",
95a0f2f481a0380709efa3097f1672327a07a429,1 min,momdestroyer6942069  (1791)  rainebrookshire  (1796),1  0,Review,34,"May 14, 2023",
00806771023ed6c82823a2355946bbf0655ba86e,1 min,rainebrookshire  (1804)  Borzua  (1749),1  0,Review,29,"May 14, 2023",
5a3c7522ff970e04b613ba7a1e5bc3416bebe226,1 min,rainebrookshire  (1797)  Mysoul2  (1839),0  1,Review,27,"May 14, 2023",
41afa2d5f079722bc7b33d23c3172bcd7d6b1fb7,1 min,rainebrookshire  (1804)  ElMacheideRD  (1823),1  0,Review,30,"May 14, 2023",
f995b49c4077d65a2298a5420fd9f56f315bc386,1 min,geopolitics  (1851)  rainebrookshire  (1795),1  0,Review,53,"May 14, 2023",
0c98033c318d95ee1594e58b807e32a4689fd85b,1 min,mcrowley  (1815)  rainebrookshire  (1802),0  1,Review,39,"May 14, 2023",
dc9ab16568101be31277daddd3a38b9463344afa,1 min,rainebrookshire  (1793)  PawnGrabbingWins  (1805),½  ½,Review,46,"May 14, 2023",
b33b6b2bcbfa9afac2a996042699b07bb2d846b4,1 min,rainebrookshire  (1793)  Sanek76  (1826),0  1,Review,41,"May 14, 2023",
8dffc527885c370f68f452085de5b276646bd785,1 min,ElMacheideRD  (1828)  rainebrookshire  (1801),0  1,Review,18,"May 14, 2023",
7ce0b42ec4ead9fe0559fd95b1d6c7a833f8299d,1 min,nataliamendanha  (1771)  rainebrookshire  (1792),1  0,Review,36,"May 14, 2023",
dce88737db7155032b11f9f9565966b1bb88a9aa,1 min,rainebrookshire  (1801)  mohamed_gamalzxz  (1819),1  0,Review,33,"May 14, 2023",
cce102db6d5e53438b4e8867ec8f84632abe2a2f,1 min,SergioSndv  (1799)  rainebrookshire  (1792),1  0,Review,42,"May 14, 2023",
15bf735de2fda552695474d127156d48f1d2e3c8,1 min,rainebrookshire  (1800)  inconcepibbile  (1745),1  0,Review,33,"May 14, 2023",
8f720b1998d0e3f19cc9741c89e92b000c77bae5,1 min,rainebrookshire  (1793)  strongani  (1803),0  1,Review,48,"May 14, 2023",
f1eddfa37661cfb0088a77e3c51c2662b80761ae,1 min,rainebrookshire  (1801)  sameeranwar  (1819),1  0,Review,30,"May 14, 2023",
947fd4492af5e68773b0e0805d6afe87f43e88bc,1 min,B3onetrick  (1704)  rainebrookshire  (1792),0  1,Review,29,"May 14, 2023",
c1c84cb6579ccdffa5503a6e5b53a92c2005fe8b,1 min,panda-lim  (1795)  rainebrookshire  (1786),1  0,Review,12,"May 14, 2023",
27548228d750c33fbeb9f0ae66469562a1f50cd6,1 min,rainebrookshire  (1794)  mdp34  (1753),1  0,Review,50,"May 14, 2023",
12ef80bebe784d22d162087684dc9b6b30a82de0,1 min,skenderis  (1744)  rainebrookshire  (1787),0  1,Review,36,"May 14, 2023",
b0a5b59bae6c9f1a9f02be9de4861c63e9593ee6,1 min,anthonyrpg  (1783)  rainebrookshire  (1780),1  0,Review,38,"May 13, 2023",
e10862a2e60aca73102c3f71a786b3e42014b335,1 min,rudy29118  (1800)  rainebrookshire  (1788),0  1,Review,49,"May 13, 2023",
b655f7493d10478147e74b6b4e0ecd9ffb1ae090,1 min,rainebrookshire  (1779)  aleksandar6989  (1821),0  1,Review,62,"May 13, 2023",
b7aecafafaf4b42cb786193285da0c67ec6bb96e,1 min,TheRealZatarra2020  (1838)  rainebrookshire  (1786),1  0,Review,44,"May 13, 2023",
350ff7a0de87518543c202e35b1b27e42b08fecc,1 min,SanBenigno  (1761)  rainebrookshire  (1793),0  1,Review,42,"May 13, 2023",
a36ba416932b6c2d610f1e25cf9bd50c1322e768,1 min,Kilgharrah123  (1720)  rainebrookshire  (1785),0  1,Review,18,"May 13, 2023",
2fb3832bbe4d52fcbdb54dea04f45c7939c18015,1 min,rainebrookshire  (1778)  chixu  (1825),0  1,Review,27,"May 13, 2023",
1654483be6a991dd046360d34334775178cb88a2,1 min,BharatMuradabad  (1720)  rainebrookshire  (1785),½  ½,Review,57,"May 13, 2023",
24ed9fd632f1a37d4817b0f1416e4261159cb226,1 min,rainebrookshire  (1787)  djolejanji87  (1832),0  1,Review,42,"May 13, 2023",
d3678028f12b33985912a0bf54d3515b84c0e101,1 min,rainebrookshire  (1794)  jntsr  (1826),1  0,Review,47,"May 13, 2023",
814f7c068eec26eff83560cbebdc4869af447cc7,1 min,rainebrookshire  (1785)  kamangir7  (1820),0  1,Review,32,"May 12, 2023",
2f101127f392b3bc52efd6130171cbebb700ad72,1 min,rainebrookshire  (1793)  Castleking97  (1839),1  0,Review,42,"May 12, 2023",
8cba7efda9550c66838941f184d2004a49a22131,1 min,SoniaThem  (1757)  rainebrookshire  (1784),0  1,Review,48,"May 12, 2023",
0b99d3a6fb412955e92404d520b55e953aeeb87d,1 min,purebusiness11  (1748)  rainebrookshire  (1776),0  1,Review,28,"May 12, 2023",
1258419315ff029f5c54e26b5ff8978046810734,1 min,Naderafshar313  (1793)  rainebrookshire  (1768),1  0,Review,36,"May 12, 2023",
6994a0cc7dfabe3b224364ed9e116a7a5dd389c2,1 min,rainebrookshire  (1776)  Montacrack  (1790),½  ½,Review,32,"May 12, 2023",
e3b14663699345712ee4ec602bbbdd687c6f3b81,1 min,woland5  (1812)  rainebrookshire  (1776),1  0,Review,17,"May 12, 2023",
54adb7ffb7569b51fbbc5217ec009dc9294147b2,1 min,rainebrookshire  (1783)  WISEWARRIOR  (1839),½  ½,Review,69,"May 12, 2023",
9d1c0353dada5e12840c3cff23bf50d8fc249d69,1 min,DenizFeital  (1795)  rainebrookshire  (1782),1  0,Review,17,"May 12, 2023",
65316debe2e6a29e8c0534b61608ff3c61cf7173,1 min,rainebrookshire  (1790)  NaserJBoi  (1746),1  0,Review,43,"May 12, 2023",
a9f0460385914bcb521160a7b59c39118288a840,1 min,rainebrookshire  (1783)  Iliasb899  (1776),0  1,58.1  61.4,33,"May 12, 2023",
07d7376e463c864bda250ee85c2203fc1f641913,1 min,niuniucake  (1748)  rainebrookshire  (1792),½  ½,Review,60,"May 12, 2023",
5d437aa8f9db7521e203aac56fa46451e98856f8,1 min,rainebrookshire  (1793)  MushfiqKhurasani  (1737),1  0,Review,31,"May 12, 2023",
0d106a8bb5631f74fb2bc1ca2e87df250e69c4ae,1 min,bulgchess  (1737)  rainebrookshire  (1786),0  1,Review,27,"May 12, 2023",
6111bce4e399c89236029b450af409c74af80688,1 min,rainebrookshire  (1779)  m_boshra  (1688),1  0,Review,32,"May 12, 2023",
ba824e2b4b27e88f3632b90c691becd4ac8d9355,1 min,lll_KnightFire_ll  (1762)  rainebrookshire  (1773),0  1,Review,39,"May 12, 2023",
fd27541b46cd378779053d3568b6ceea0c35c21d,1 min,UserIsntFound  (1740)  rainebrookshire  (1765),1  0,Review,32,"May 12, 2023",
c5233ecc249971a7ecb7cebf4c996c450af8fdbb,1 min,rainebrookshire  (1774)  DenizFeital  (1782),1  0,Review,42,"May 12, 2023",
d46c401f0f0bc412642b1ff7661c3d8437ef8fd1,1 min,rainebrookshire  (1765)  MarTC12  (1673),1  0,Review,22,"May 12, 2023",
9f0afed30f95eaf1dd11050e70692dfa9b6ca7b5,1 min,SamGraciano  (1856)  rainebrookshire  (1759),1  0,Review,50,"May 12, 2023",
5ec65d5fe76e905b6b7cd6d2fbbf7d78a3c290d5,1 min,SoSinister  (1806)  rainebrookshire  (1765),1  0,Review,43,"May 12, 2023",
8ab2f62b107d789b12069d8e97c20a2a05b679e7,1 min,rainebrookshire  (1772)  spapas  (1815),0  1,Review,35,"May 12, 2023",
ab072b6d471baeee7f266728ba6b22228a144eb4,1 min,spapas  (1808)  rainebrookshire  (1779),1  0,Review,33,"May 12, 2023",
85667d64ea157553be5af287cebb95203f22cc30,1 min,rainebrookshire  (1787)  atroy2  (1699),1  0,Review,41,"May 12, 2023",
0e4313ebf2637cf007585da97ee0285d17a409d5,1 min,TrigIdentities  (1838)  rainebrookshire  (1781),1  0,Review,35,"May 12, 2023",
3598a7eeee14e50a6b545549e3c777bb5303c4b1,1 min,rainebrookshire  (1788)  UltraClock  (1739),1  0,Review,48,"May 12, 2023",
7d3302a3a9bce889bdd177e38cc0ef65258dd8f3,1 min,rainebrookshire  (1781)  banek60  (1684),1  0,Review,45,"May 12, 2023",
e8a6cf1568ad6ca98c89d342ea064907538d4d3c,1 min,saltyclown  (1965)  rainebrookshire  (1775),1  0,Review,33,"May 12, 2023",
bb2311f2c1e24c4b3e976e5c36ee630e7157a49a,1 min,rainebrookshire  (1779)  saltyclown  (1961),0  1,Review,20,"May 12, 2023",
ea37556513d2f95ae8ea8f5a9f4a970b875ff1a4,1 min,saltyclown  (1957)  rainebrookshire  (1783),1  0,Review,27,"May 12, 2023",
d6ccbdc0f2f72b473a764df7755d891a28137b5b,1 min,rainebrookshire  (1787)  saltyclown  (1953),0  1,Review,16,"May 12, 2023",
3b7bf9fd523ed3acdc21504c2db85992318c52f1,1 min,saltyclown  (1948)  rainebrookshire  (1792),1  0,Review,47,"May 12, 2023",
8060d9a72a9fbdf2d1e15cdc923dd27e0c3caf08,1 min,rainebrookshire  (1797)  saltyclown  (1943),0  1,Review,25,"May 12, 2023",
10784f933c72f9b8cb8bd8063a555c6ce91108ec,1 min,mrnacar  (1798)  rainebrookshire  (1802),0  1,Review,28,"May 12, 2023",
98f18a02260f848748fc9e14c44e4ca83b773974,1 min,N_K_Y  (1790)  rainebrookshire  (1794),1  0,Review,56,"May 12, 2023",
a7277243f3ac7c44b7482b32fa0110b5ff3b96a6,1 min,Nishyanth  (1794)  rainebrookshire  (1803),1  0,Review,45,"May 12, 2023",
7260fcf0c063684f61a335eea7b5cce6a35d3031,1 min,rainebrookshire  (1812)  Tuczas  (1809),1  0,Review,22,"May 12, 2023",
a0a693697f44dcee3b4821adfd5ea2fcc02be77f,1 min,rainebrookshire  (1804)  simprug99  (1809),1  0,Review,26,"May 12, 2023",
a1a3d758973fd139ffa320ac0867bf5bb56a4334,1 min,santoso_aldo_barera  (1815)  rainebrookshire  (1796),1  0,Review,43,"May 12, 2023",
3923efd4a1817eaa8985668096e0b2d17277ce25,1 min,rainebrookshire  (1804)  Fly_Me_To_The_Moon  (1779),1  0,Review,22,"May 12, 2023",
f8184e3bec5d166cb814844621d7c5680d5ba585,1 min,rainebrookshire  (1796)  Michael4554  (1795),1  0,Review,28,"May 12, 2023",
4086cb9ced45b9e56b253f7d05adf0b4da176509,1 min,UndeaDragon  (1808)  rainebrookshire  (1788),1  0,Review,61,"May 12, 2023",
c0919b4a526cbdde642925db09875e823a354f32,1 min,rainebrookshire  (1796)  BlackKing08  (1707),1  0,Review,37,"May 12, 2023",
2d1e0b7cb19eb293818d7f33a2305e5195a52fbd,1 min,Onecarlos82  (1809)  rainebrookshire  (1790),0  1,Review,48,"May 12, 2023",
89a55242138b39c589174d82d25f3214becefcb8,1 min,alphagreen  (1752)  rainebrookshire  (1781),0  1,Review,25,"May 12, 2023",
350828cc3d68930811d31d1619b87b0ec1a2fbcd,1 min,rainebrookshire  (1773)  Solistsps  (1753),1  0,Review,44,"May 12, 2023",
c239c74f0b89d31040f2c0958e16a9a1a1327bf6,1 min,keepknightsaway  (1826)  rainebrookshire  (1765),1  0,Review,14,"May 12, 2023",
ba10a4286c6f3cdf48f1e4fe46072050d0d8fbe8,1 min,rainebrookshire  (1772)  rowfy  (1756),1  0,Review,54,"May 12, 2023",
7f89719d03bc3390f1f318aa01d1478c234181bb,1 min,DystopianMan  (1810)  rainebrookshire  (1764),1  0,Review,32,"May 12, 2023",
8be792172191a89c1ec5dd14dbba1dcac90d8468,1 min,jugger432  (1713)  rainebrookshire  (1771),0  1,Review,52,"May 12, 2023",
b0b043791bac669c4295728d5d396e562499bf0f,1 min,nunogoncalves34  (1727)  rainebrookshire  (1764),0  1,Review,27,"May 12, 2023",
134abba29118ec7bea050cc90c73710977d34c75,1 min,rainebrookshire  (1757)  aparcana  (1780),1  0,Review,38,"May 12, 2023",
38fe41c5f3cbf6bbc410017326606b94fd90d45b,1 min,radekm3  (1747)  rainebrookshire  (1748),1  0,Review,47,"May 12, 2023",
e5d1e48bab98f1889436228146e813ec64f7ae58,1 min,rainebrookshire  (1756)  therarepoet  (1794),0  1,Review,44,"May 12, 2023",
367a8ed2374da3219c9d1fb98d0d8ad95ce2a2bc,1 min,rainebrookshire  (1763)  dendle  (1709),1  0,Review,39,"May 12, 2023",
7254a79d505fd57628afb332a550648909799931,1 min,ottoman51  (1770)  rainebrookshire  (1756),0  1,Review,24,"May 12, 2023",
9be0ef87e059faac9e34512d6bfc81fb5b7823b8,1 min,rainebrookshire  (1747)  SkylinePlanet  (1810),0  1,Review,60,"May 12, 2023",
a0986c1915f04ec796c936fc7a1ffa9937557691,1 min,Andras83  (1678)  rainebrookshire  (1754),0  1,Review,30,"May 12, 2023",
8b76df72d3f64c2a2386e382f7e1ca34468efba4,1 min,rainebrookshire  (1747)  Andras83  (1685),1  0,Review,26,"May 12, 2023",
24fa63f6a93fe793014807a31c731c6b7ce05d71,1 min,Alexmr_8  (1680)  rainebrookshire  (1740),0  1,Review,43,"May 12, 2023",
3e033e6f62c18fb36323414101bb9359547540f5,1 min,rainebrookshire  (1733)  Alexmr_8  (1687),0  1,Review,24,"May 12, 2023",
e42457e4d66d46a7efa339e709ae645191268e6a,1 min,Alexmr_8  (1678)  rainebrookshire  (1742),0  1,Review,31,"May 12, 2023",
7f2b1f4addc90290b5f88e6490dfc070ae9f227a,1 min,rainebrookshire  (1735)  Alexmr_8  (1685),1  0,Review,31,"May 12, 2023",
0c5b5bbb335e66940875b87e311f239256e2ff47,1 min,Alexmr_8  (1692)  rainebrookshire  (1728),½  ½,Review,63,"May 12, 2023",
260f62a43a9fb89d8962e6c1208198c2e5bc6c49,1 min,rainebrookshire  (1729)  claychessxadrez  (1794),1  0,Review,24,"May 12, 2023",
2ba3547b4a3a6ab9d3cfbfdec835c4f00081599e,1 min,rainebrookshire  (1719)  AbdallahalKordi  (1766),0  1,Review,23,"May 11, 2023",
966e858e299231c9f286330058b46e92d3b7cede,1 min,rainebrookshire  (1726)  TylerCapko  (1716),1  0,Review,44,"May 11, 2023",
0f0e697be45060fcfb9c3dfe70747aa5d4b98a2e,1 min,chessicha46  (1706)  rainebrookshire  (1718),1  0,Review,31,"May 11, 2023",
